schedule_id,aircraft_id,component_id,task_type,due_date,due_flight_hours,due_cycles,estimated_duration_hours,priority,required_part_id,assigned_agency_id,status
SCH00001,AC001,CMP0001,Functional Check,2027-01-10,3871.0,3332.0,1.4,Low,PART007,MA003,Awaiting Part
SCH00002,AC001,CMP0002,Inspection,2027-02-08,3858.0,3216.0,1.5,Low,PART010,MA006,Planned
SCH00003,AC001,CMP0003,Inspection,2027-01-13,3627.0,3204.0,2.1,Low,PART017,MA005,Planned
SCH00004,AC001,CMP0004,Functional Check,2026-12-13,3660.0,3222.0,2.8,Medium,PART023,MA004,Awaiting Part
SCH00005,AC001,CMP0005,Inspection,2026-12-26,3112.0,2941.0,2.3,Low,PART031,MA001,Overdue
SCH00006,AC001,CMP0006,Inspection,2027-03-17,3683.0,3219.0,2.3,Low,PART035,MA001,Planned
SCH00007,AC002,CMP0007,Functional Check,2027-01-21,3601.0,3420.0,2.1,Low,PART006,MA001,Overdue
SCH00008,AC002,CMP0008,Component Replacement,2027-02-26,4201.0,3744.0,4.9,Medium,PART008,MA006,Planned
SCH00009,AC002,CMP0009,Functional Check,2027-03-25,4121.0,3729.0,2.7,Low,PART021,MA004,Planned
SCH00010,AC002,CMP0010,Functional Check,2027-05-04,4248.0,3752.0,3.4,High,PART025,MA005,Planned
SCH00011,AC002,CMP0011,Preventive Maintenance,2026-11-19,4350.0,3796.0,5.9,High,PART033,MA001,Awaiting Part
SCH00012,AC002,CMP0012,Functional Check,2027-06-02,4162.0,3731.0,2.8,Low,PART036,MA006,Planned
SCH00013,AC003,CMP0013,Preventive Maintenance,2027-04-19,3594.0,3482.0,6.2,Low,PART003,MA005,Planned
SCH00014,AC003,CMP0014,Functional Check,2026-12-11,3608.0,3576.0,2.2,Low,PART008,MA002,Planned
SCH00015,AC003,CMP0015,Lubrication,2027-06-27,3886.0,3700.0,2.0,Low,PART019,MA002,Planned
SCH00016,AC003,CMP0016,Preventive Maintenance,2027-07-17,4061.0,3801.0,7.8,High,PART026,MA002,Planned
SCH00017,AC003,CMP0017,Component Replacement,2026-12-01,3667.0,3649.0,6.3,High,PART031,MA002,Planned
SCH00018,AC003,CMP0018,Preventive Maintenance,2027-02-07,3731.0,3336.0,5.1,Low,PART036,MA004,Planned
SCH00019,AC004,CMP0019,Lubrication,2027-06-04,1856.0,1676.0,1.2,Low,PART001,MA003,Planned
SCH00020,AC004,CMP0020,Preventive Maintenance,2027-05-19,2049.0,3336.0,5.6,Low,PART009,MA002,Planned
SCH00021,AC004,CMP0021,Inspection,2027-01-15,1971.0,1776.0,2.7,Low,PART015,MA004,Planned
SCH00022,AC004,CMP0022,Preventive Maintenance,2027-01-22,2012.0,1814.0,4.0,Low,PART025,MA001,Planned
SCH00023,AC004,CMP0023,Component Replacement,2027-02-28,1920.0,1718.0,6.9,Low,PART031,MA002,Awaiting Part
SCH00024,AC004,CMP0024,Preventive Maintenance,2027-03-21,1710.0,1665.0,4.8,Low,PART039,MA003,Planned
SCH00025,AC005,CMP0025,Lubrication,2027-04-17,2996.0,2759.0,1.7,Low,PART002,MA003,Planned
SCH00026,AC005,CMP0026,Preventive Maintenance,2027-02-27,2584.0,2446.0,5.5,Low,PART013,MA005,Planned
SCH00027,AC005,CMP0027,Functional Check,2027-03-17,2350.0,2272.0,2.8,Low,PART019,MA002,Awaiting Part
SCH00028,AC005,CMP0028,Functional Check,2027-05-18,2908.0,2408.0,2.4,Low,PART023,MA004,Planned
SCH00029,AC005,CMP0029,Inspection,2026-11-17,1976.0,2072.0,2.5,Low,PART032,MA004,Overdue
SCH00030,AC005,CMP0030,Preventive Maintenance,2027-02-02,2463.0,2419.0,5.9,Low,PART040,MA001,Planned
SCH00031,AC006,CMP0031,Lubrication,2027-05-10,6008.0,4977.0,1.3,Medium,PART003,MA004,Planned
SCH00032,AC006,CMP0032,Inspection,2027-07-06,6197.0,4961.0,2.8,High,PART010,MA002,Planned
SCH00033,AC006,CMP0033,Preventive Maintenance,2027-03-26,6553.0,5327.0,3.8,High,PART017,MA001,Planned
SCH00034,AC006,CMP0034,Preventive Maintenance,2027-03-30,6169.0,5101.0,6.3,High,PART024,MA006,Awaiting Part
SCH00035,AC006,CMP0035,Inspection,2026-12-21,5795.0,4891.0,3.4,High,PART034,MA006,Awaiting Part
SCH00036,AC006,CMP0036,Component Replacement,2027-03-14,6404.0,5056.0,6.7,High,PART035,MA005,Planned
SCH00037,AC007,CMP0037,Component Replacement,2027-03-30,3976.0,4230.0,6.2,Low,PART007,MA002,Overdue
SCH00038,AC007,CMP0038,Functional Check,2027-01-30,4435.0,4512.0,2.4,Medium,PART014,MA001,Planned
SCH00039,AC007,CMP0039,Inspection,2027-02-06,4423.0,4475.0,2.6,High,PART021,MA005,Planned
SCH00040,AC007,CMP0040,Component Replacement,2027-03-01,4795.0,4593.0,6.8,High,PART024,MA003,Planned
SCH00041,AC007,CMP0041,Lubrication,2026-11-05,4723.0,4671.0,1.7,High,PART033,MA001,Planned
SCH00042,AC007,CMP0042,Component Replacement,2027-02-17,4685.0,4661.0,5.7,Medium,PART038,MA003,Planned
SCH00043,AC008,CMP0043,Inspection,2027-01-22,4969.0,4302.0,1.6,Low,PART004,MA001,Planned
SCH00044,AC008,CMP0044,Inspection,2027-02-19,4926.0,4286.0,2.3,Medium,PART008,MA006,Planned
SCH00045,AC008,CMP0045,Lubrication,2026-12-25,5138.0,4365.0,1.6,Medium,PART017,MA002,Planned
SCH00046,AC008,CMP0046,Component Replacement,2027-07-04,4952.0,4407.0,6.1,High,PART024,MA004,Planned
SCH00047,AC008,CMP0047,Inspection,2027-04-12,4927.0,4218.0,2.2,High,PART030,MA002,Planned
SCH00048,AC008,CMP0048,Preventive Maintenance,2027-05-01,5159.0,4347.0,4.5,High,PART039,MA004,Planned
SCH00049,AC009,CMP0049,Preventive Maintenance,2027-05-30,4313.0,4060.0,6.0,Low,PART002,MA004,Planned
SCH00050,AC009,CMP0050,Component Replacement,2027-03-24,4228.0,4088.0,5.4,Low,PART012,MA002,Planned
SCH00051,AC009,CMP0051,Functional Check,2026-12-13,4299.0,3940.0,2.9,Medium,PART016,MA006,Planned
SCH00052,AC009,CMP0052,Component Replacement,2027-03-31,4217.0,3918.0,5.4,High,PART024,MA005,Planned
SCH00053,AC009,CMP0053,Lubrication,2027-04-11,4205.0,3875.0,2.4,High,PART030,MA006,Planned
SCH00054,AC009,CMP0054,Functional Check,2027-05-18,4187.0,3992.0,3.2,Medium,PART039,MA006,Awaiting Part
SCH00055,AC010,CMP0055,Preventive Maintenance,2027-03-11,2993.0,2244.0,5.9,Low,PART005,MA004,Awaiting Part
SCH00056,AC010,CMP0056,Inspection,2026-12-28,2621.0,2118.0,2.9,Low,PART009,MA006,Planned
SCH00057,AC010,CMP0057,Lubrication,2027-02-09,2893.0,2351.0,1.6,Low,PART018,MA001,Planned
SCH00058,AC010,CMP0058,Lubrication,2027-02-26,2609.0,2099.0,2.0,Low,PART023,MA002,Awaiting Part
SCH00059,AC010,CMP0059,Preventive Maintenance,2027-04-23,2676.0,2183.0,6.8,Low,PART032,MA001,Planned
SCH00060,AC010,CMP0060,Inspection,2027-04-07,2969.0,2302.0,1.5,Low,PART040,MA002,Planned
SCH00061,AC011,CMP0061,Functional Check,2027-02-25,1911.0,1766.0,2.2,Low,PART005,MA003,Planned
SCH00062,AC011,CMP0062,Functional Check,2027-08-31,2098.0,1865.0,1.7,Low,PART013,MA002,Awaiting Part
SCH00063,AC011,CMP0063,Preventive Maintenance,2027-04-15,1771.0,1608.0,5.9,Low,PART015,MA005,Planned
SCH00064,AC011,CMP0064,Component Replacement,2027-01-29,2249.0,1885.0,4.1,Low,PART026,MA003,Planned
SCH00065,AC011,CMP0065,Preventive Maintenance,2026-12-19,1857.0,1758.0,2.9,Low,PART028,MA002,Awaiting Part
SCH00066,AC011,CMP0066,Inspection,2027-01-05,1995.0,3336.0,1.5,Low,PART038,MA004,Planned
SCH00067,AC012,CMP0067,Inspection,2027-01-31,3175.0,2595.0,1.3,Low,PART002,MA001,Planned
SCH00068,AC012,CMP0068,Preventive Maintenance,2027-01-08,3059.0,2675.0,4.8,Low,PART013,MA005,Awaiting Part
SCH00069,AC012,CMP0069,Inspection,2027-01-15,3043.0,2557.0,1.5,Low,PART016,MA001,Planned
SCH00070,AC012,CMP0070,Lubrication,2027-02-09,2482.0,2306.0,1.0,Low,PART022,MA006,Overdue
SCH00071,AC012,CMP0071,Functional Check,2027-01-11,3117.0,2745.0,2.5,Low,PART033,MA005,Awaiting Part
SCH00072,AC012,CMP0072,Preventive Maintenance,2027-07-07,3162.0,2709.0,4.5,Low,PART036,MA002,Planned
SCH00073,AC013,CMP0073,Functional Check,2026-12-10,4399.0,3722.0,1.6,Low,PART005,MA001,Planned
SCH00074,AC013,CMP0074,Component Replacement,2027-03-29,4564.0,3784.0,5.0,Low,PART010,MA005,Planned
SCH00075,AC013,CMP0075,Preventive Maintenance,2027-03-07,4385.0,3750.0,4.4,Medium,PART015,MA005,Awaiting Part
SCH00076,AC013,CMP0076,Inspection,2027-08-27,4879.0,3931.0,3.0,High,PART023,MA005,Awaiting Part
SCH00077,AC013,CMP0077,Inspection,2026-12-22,3806.0,3336.0,2.9,High,PART028,MA005,Overdue
SCH00078,AC013,CMP0078,Lubrication,2027-03-05,4418.0,3787.0,2.0,Low,PART035,MA001,Planned
SCH00079,AC014,CMP0079,Preventive Maintenance,2027-08-15,3127.0,2949.0,7.7,Low,PART006,MA003,Planned
SCH00080,AC014,CMP0080,Lubrication,2027-06-24,2977.0,2874.0,1.4,Low,PART014,MA001,Planned
SCH00081,AC014,CMP0081,Lubrication,2027-06-08,2970.0,2880.0,1.1,Low,PART020,MA006,Planned
SCH00082,AC014,CMP0082,Lubrication,2027-02-03,3025.0,2872.0,1.4,Low,PART024,MA004,Planned
SCH00083,AC014,CMP0083,Inspection,2027-01-11,2427.0,2610.0,2.1,Low,PART034,MA002,Overdue
SCH00084,AC014,CMP0084,Preventive Maintenance,2027-04-29,2979.0,2959.0,4.4,Low,PART039,MA001,Planned
SCH00085,AC015,CMP0085,Preventive Maintenance,2027-07-22,5228.0,5291.0,5.2,Low,PART001,MA002,Planned
SCH00086,AC015,CMP0086,Functional Check,2027-04-04,5711.0,5623.0,5.3,High,PART009,MA002,Planned
SCH00087,AC015,CMP0087,Lubrication,2027-04-07,5525.0,5260.0,1.5,High,PART018,MA005,Planned
SCH00088,AC015,CMP0088,Lubrication,2027-02-08,5246.0,5237.0,1.8,High,PART022,MA004,Planned
SCH00089,AC015,CMP0089,Lubrication,2027-05-25,5484.0,5451.0,2.8,High,PART028,MA006,Awaiting Part
SCH00090,AC015,CMP0090,Preventive Maintenance,2027-01-15,5901.0,5515.0,4.3,High,PART037,MA003,Awaiting Part
SCH00091,AC016,CMP0091,Inspection,2027-02-18,4180.0,3568.0,2.4,Low,PART005,MA001,Planned
SCH00092,AC016,CMP0092,Inspection,2027-03-10,3142.0,2993.0,2.3,Low,PART011,MA005,Overdue
SCH00093,AC016,CMP0093,Inspection,2027-03-26,3755.0,3341.0,2.7,Low,PART021,MA005,Planned
SCH00094,AC016,CMP0094,Inspection,2027-01-30,3882.0,3312.0,4.3,High,PART027,MA004,Planned
SCH00095,AC016,CMP0095,Preventive Maintenance,2026-12-23,4017.0,3487.0,5.2,High,PART033,MA005,Planned
SCH00096,AC016,CMP0096,Functional Check,2027-04-16,3733.0,3257.0,1.6,Low,PART036,MA003,Planned
SCH00097,AC017,CMP0097,Inspection,2027-02-10,5016.0,5115.0,1.7,Low,PART004,MA004,Planned
SCH00098,AC017,CMP0098,Inspection,2027-04-09,4522.0,4850.0,3.5,Low,PART014,MA003,Planned
SCH00099,AC017,CMP0099,Inspection,2027-01-06,4625.0,4762.0,1.4,Medium,PART020,MA001,Planned
SCH00100,AC017,CMP0100,Inspection,2027-03-21,4462.0,4688.0,3.2,High,PART023,MA001,Planned
SCH00101,AC017,CMP0101,Inspection,2027-03-30,4533.0,4661.0,2.0,High,PART032,MA001,Planned
SCH00102,AC017,CMP0102,Inspection,2026-11-26,4298.0,4632.0,1.4,Medium,PART036,MA004,Planned
SCH00103,AC018,CMP0103,Inspection,2027-02-21,2624.0,2139.0,2.5,Low,PART006,MA002,Awaiting Part
SCH00104,AC018,CMP0104,Component Replacement,2026-12-30,2410.0,1980.0,6.1,Low,PART010,MA004,Planned
SCH00105,AC018,CMP0105,Preventive Maintenance,2026-12-02,2483.0,2152.0,4.1,Low,PART017,MA006,Planned
SCH00106,AC018,CMP0106,Inspection,2027-09-04,2034.0,1856.0,1.6,Low,PART024,MA002,Planned
SCH00107,AC018,CMP0107,Preventive Maintenance,2027-02-18,2184.0,1908.0,2.7,Low,PART034,MA003,Planned
SCH00108,AC018,CMP0108,Inspection,2027-06-05,2589.0,2124.0,2.4,Low,PART040,MA005,Planned
SCH00109,AC019,CMP0109,Preventive Maintenance,2027-02-02,3913.0,3705.0,4.2,Low,PART003,MA002,Planned
SCH00110,AC019,CMP0110,Preventive Maintenance,2027-05-02,3599.0,3459.0,3.1,Low,PART014,MA001,Planned
SCH00111,AC019,CMP0111,Functional Check,2027-05-22,4057.0,3666.0,2.5,Medium,PART018,MA002,Awaiting Part
SCH00112,AC019,CMP0112,Component Replacement,2027-04-12,3861.0,3625.0,7.6,High,PART026,MA001,Planned
SCH00113,AC019,CMP0113,Lubrication,2027-03-19,3535.0,3350.0,1.4,Medium,PART029,MA006,Planned
SCH00114,AC019,CMP0114,Inspection,2027-03-08,3976.0,3638.0,2.1,Medium,PART036,MA005,Planned
SCH00115,AC020,CMP0115,Preventive Maintenance,2027-02-23,4768.0,4888.0,4.5,Low,PART006,MA004,Overdue
SCH00116,AC020,CMP0116,Preventive Maintenance,2027-07-22,5385.0,5195.0,4.8,High,PART010,MA006,Planned
SCH00117,AC020,CMP0117,Functional Check,2027-06-12,5270.0,5191.0,2.5,Medium,PART017,MA005,Awaiting Part
SCH00118,AC020,CMP0118,Inspection,2027-08-12,5382.0,5173.0,3.5,High,PART022,MA002,Planned
SCH00119,AC020,CMP0119,Lubrication,2026-12-27,5620.0,5412.0,3.0,High,PART034,MA006,Planned
SCH00120,AC020,CMP0120,Preventive Maintenance,2027-05-14,5165.0,5134.0,5.5,Medium,PART039,MA004,Planned
SCH00121,AC021,CMP0121,Preventive Maintenance,2027-07-26,4300.0,3746.0,3.8,Low,PART004,MA005,Planned
SCH00122,AC021,CMP0122,Preventive Maintenance,2027-01-14,4374.0,3992.0,5.3,Low,PART009,MA006,Planned
SCH00123,AC021,CMP0123,Preventive Maintenance,2026-12-04,4881.0,3876.0,5.1,Medium,PART021,MA002,Planned
SCH00124,AC021,CMP0124,Lubrication,2027-05-17,4613.0,3967.0,2.4,High,PART022,MA001,Planned
SCH00125,AC021,CMP0125,Lubrication,2027-04-08,4406.0,3999.0,2.5,High,PART028,MA002,Planned
SCH00126,AC021,CMP0126,Inspection,2027-06-16,4318.0,3843.0,2.4,Medium,PART040,MA003,Planned
SCH00127,AC022,CMP0127,Inspection,2027-01-01,3654.0,3369.0,2.8,Low,PART002,MA005,Planned
SCH00128,AC022,CMP0128,Functional Check,2027-06-01,3751.0,3434.0,1.6,Low,PART013,MA006,Planned
SCH00129,AC022,CMP0129,Preventive Maintenance,2027-01-19,3496.0,3459.0,6.8,Medium,PART018,MA001,Planned
SCH00130,AC022,CMP0130,Lubrication,2027-01-09,3594.0,3346.0,2.0,Medium,PART022,MA004,Planned
SCH00131,AC022,CMP0131,Preventive Maintenance,2027-01-09,2946.0,3080.0,4.7,Low,PART028,MA003,Overdue
SCH00132,AC022,CMP0132,Lubrication,2027-06-07,3473.0,3370.0,1.4,Low,PART039,MA002,Planned
SCH00133,AC023,CMP0133,Lubrication,2027-04-28,3599.0,2932.0,1.7,Low,PART004,MA001,Planned
SCH00134,AC023,CMP0134,Inspection,2027-03-29,3123.0,2758.0,1.7,Low,PART008,MA003,Planned
SCH00135,AC023,CMP0135,Preventive Maintenance,2027-02-25,3354.0,2840.0,4.3,Low,PART018,MA006,Planned
SCH00136,AC023,CMP0136,Preventive Maintenance,2027-06-29,3094.0,2822.0,3.1,Medium,PART023,MA002,Planned
SCH00137,AC023,CMP0137,Inspection,2027-03-04,3282.0,2935.0,1.3,Medium,PART030,MA004,Planned
SCH00138,AC023,CMP0138,Functional Check,2027-06-08,2619.0,2519.0,4.5,Low,PART035,MA005,Overdue
SCH00139,AC024,CMP0139,Inspection,2027-03-13,4169.0,3684.0,2.0,Low,PART005,MA003,Planned
SCH00140,AC024,CMP0140,Inspection,2027-03-01,4334.0,3724.0,2.1,Medium,PART009,MA006,Planned
SCH00141,AC024,CMP0141,Functional Check,2027-03-17,3965.0,3698.0,2.5,Medium,PART021,MA006,Planned
SCH00142,AC024,CMP0142,Functional Check,2027-02-13,3399.0,3301.0,2.0,Medium,PART025,MA002,Overdue
SCH00143,AC024,CMP0143,Inspection,2027-05-19,3837.0,3625.0,1.9,Medium,PART034,MA003,Planned
SCH00144,AC024,CMP0144,Lubrication,2027-03-25,4042.0,3645.0,1.5,Low,PART040,MA002,Planned
SCH00145,AC025,CMP0145,Inspection,2027-01-27,5136.0,5338.0,1.9,Low,PART002,MA002,Planned
SCH00146,AC025,CMP0146,Functional Check,2027-07-08,5099.0,5351.0,2.1,Medium,PART014,MA001,Planned
SCH00147,AC025,CMP0147,Preventive Maintenance,2027-03-02,5056.0,5323.0,5.8,High,PART015,MA004,Planned
SCH00148,AC025,CMP0148,Functional Check,2027-04-02,5237.0,5374.0,3.7,High,PART025,MA004,Planned
SCH00149,AC025,CMP0149,Preventive Maintenance,2027-07-11,4912.0,5296.0,6.0,High,PART030,MA001,Awaiting Part
SCH00150,AC025,CMP0150,Preventive Maintenance,2027-04-19,5202.0,5363.0,5.7,High,PART036,MA002,Awaiting Part
SCH00151,AC026,CMP0151,Functional Check,2026-12-24,6045.0,5051.0,2.4,Medium,PART001,MA006,Planned
SCH00152,AC026,CMP0152,Inspection,2027-07-27,5838.0,5071.0,2.3,High,PART012,MA002,Awaiting Part
SCH00153,AC026,CMP0153,Inspection,2027-04-19,6261.0,5153.0,3.2,High,PART020,MA001,Planned
SCH00154,AC026,CMP0154,Preventive Maintenance,2027-02-20,5742.0,5005.0,4.0,High,PART025,MA003,Planned
SCH00155,AC026,CMP0155,Lubrication,2027-01-01,5960.0,5095.0,1.7,High,PART029,MA006,Awaiting Part
SCH00156,AC026,CMP0156,Inspection,2027-06-01,6161.0,5190.0,3.3,High,PART036,MA002,Planned
SCH00157,AC027,CMP0157,Preventive Maintenance,2027-04-18,3287.0,2655.0,3.8,Low,PART003,MA005,Planned
SCH00158,AC027,CMP0158,Preventive Maintenance,2027-03-31,3328.0,2541.0,3.4,Low,PART010,MA005,Planned
SCH00159,AC027,CMP0159,Lubrication,2027-07-05,3586.0,2703.0,1.9,Low,PART019,MA002,Planned
SCH00160,AC027,CMP0160,Component Replacement,2027-05-30,3569.0,2538.0,6.1,High,PART027,MA005,Awaiting Part
SCH00161,AC027,CMP0161,Preventive Maintenance,2027-01-05,3359.0,2516.0,3.3,Low,PART032,MA003,Planned
SCH00162,AC027,CMP0162,Preventive Maintenance,2027-02-15,3412.0,2599.0,7.3,Low,PART035,MA004,Planned
SCH00163,AC028,CMP0163,Preventive Maintenance,2027-02-01,3260.0,3369.0,3.0,Low,PART001,MA004,Planned
SCH00164,AC028,CMP0164,Inspection,2027-05-18,3294.0,3512.0,2.0,Low,PART012,MA004,Planned
SCH00165,AC028,CMP0165,Functional Check,2026-11-15,3114.0,3305.0,1.6,Low,PART020,MA001,Planned
SCH00166,AC028,CMP0166,Functional Check,2027-04-07,3521.0,3544.0,3.2,High,PART026,MA006,Awaiting Part
SCH00167,AC028,CMP0167,Functional Check,2027-05-23,3248.0,3387.0,2.1,Medium,PART033,MA002,Planned
SCH00168,AC028,CMP0168,Component Replacement,2027-06-28,3283.0,3451.0,7.4,Low,PART040,MA002,Awaiting Part
SCH00169,AC029,CMP0169,Preventive Maintenance,2027-02-22,5278.0,5875.0,4.5,Medium,PART007,MA001,Planned
SCH00170,AC029,CMP0170,Lubrication,2027-06-09,5051.0,5783.0,2.1,Medium,PART011,MA004,Planned
SCH00171,AC029,CMP0171,Inspection,2026-12-22,5122.0,5822.0,2.9,High,PART020,MA005,Planned
SCH00172,AC029,CMP0172,Component Replacement,2027-06-17,5340.0,5898.0,4.5,High,PART024,MA001,Planned
SCH00173,AC029,CMP0173,Preventive Maintenance,2026-12-28,5348.0,6003.0,5.8,High,PART033,MA004,Awaiting Part
SCH00174,AC029,CMP0174,Inspection,2027-03-05,5279.0,5941.0,2.1,High,PART040,MA002,Planned
SCH00175,AC030,CMP0175,Functional Check,2027-06-02,3523.0,3121.0,1.6,Low,PART006,MA004,Planned
SCH00176,AC030,CMP0176,Preventive Maintenance,2027-01-04,3365.0,3017.0,3.5,Low,PART014,MA002,Awaiting Part
SCH00177,AC030,CMP0177,Component Replacement,2027-01-27,2841.0,2749.0,5.0,Low,PART021,MA005,Overdue
SCH00178,AC030,CMP0178,Functional Check,2027-05-12,3411.0,3052.0,4.7,High,PART022,MA003,Planned
SCH00179,AC030,CMP0179,Functional Check,2027-05-11,3678.0,3185.0,3.0,Medium,PART034,MA006,Planned
SCH00180,AC030,CMP0180,Preventive Maintenance,2027-04-22,3216.0,2963.0,4.1,Low,PART037,MA001,Planned
SCH00181,AC031,CMP0181,Preventive Maintenance,2027-05-05,759.0,627.0,5.1,Low,PART003,MA003,Overdue
SCH00182,AC031,CMP0182,Functional Check,2027-04-01,1377.0,891.0,1.5,Low,PART014,MA001,Planned
SCH00183,AC031,CMP0183,Inspection,2027-02-01,1322.0,998.0,1.7,Low,PART019,MA006,Planned
SCH00184,AC031,CMP0184,Inspection,2027-02-22,1526.0,917.0,2.2,Low,PART025,MA006,Planned
SCH00185,AC031,CMP0185,Component Replacement,2027-01-14,1284.0,933.0,6.3,Low,PART034,MA002,Planned
SCH00186,AC031,CMP0186,Component Replacement,2027-07-12,1545.0,1239.0,5.2,Low,PART040,MA004,Planned
SCH00187,AC032,CMP0187,Component Replacement,2027-04-10,2206.0,1981.0,5.9,Low,PART002,MA005,Planned
SCH00188,AC032,CMP0188,Inspection,2027-03-06,2220.0,1971.0,2.2,Low,PART011,MA004,Planned
SCH00189,AC032,CMP0189,Inspection,2027-03-17,2424.0,2030.0,2.0,Low,PART018,MA004,Planned
SCH00190,AC032,CMP0190,Component Replacement,2027-07-31,2451.0,2090.0,7.4,Low,PART024,MA002,Planned
SCH00191,AC032,CMP0191,Inspection,2027-01-05,2298.0,1987.0,2.2,Low,PART031,MA001,Planned
SCH00192,AC032,CMP0192,Preventive Maintenance,2027-04-10,2397.0,2002.0,5.1,Low,PART040,MA006,Planned
SCH00193,AC033,CMP0193,Preventive Maintenance,2027-03-25,4659.0,4115.0,6.9,Low,PART006,MA006,Planned
SCH00194,AC033,CMP0194,Functional Check,2027-04-16,4101.0,3849.0,3.1,Low,PART008,MA004,Awaiting Part
SCH00195,AC033,CMP0195,Preventive Maintenance,2026-11-03,4346.0,3922.0,7.0,Medium,PART020,MA003,Planned
SCH00196,AC033,CMP0196,Preventive Maintenance,2027-06-27,4514.0,3997.0,4.4,High,PART027,MA003,Awaiting Part
SCH00197,AC033,CMP0197,Preventive Maintenance,2027-07-23,4175.0,3817.0,3.0,Medium,PART030,MA005,Awaiting Part
SCH00198,AC033,CMP0198,Inspection,2027-04-06,4593.0,4153.0,1.9,Medium,PART040,MA006,Planned
SCH00199,AC034,CMP0199,Functional Check,2027-05-05,3964.0,3589.0,2.4,Low,PART001,MA006,Awaiting Part
SCH00200,AC034,CMP0200,Lubrication,2027-07-18,3472.0,3269.0,2.2,Low,PART009,MA005,Planned
SCH00201,AC034,CMP0201,Lubrication,2027-05-08,3827.0,3547.0,1.1,Low,PART021,MA004,Planned
SCH00202,AC034,CMP0202,Preventive Maintenance,2027-01-05,3096.0,3052.0,4.4,Low,PART024,MA001,Overdue
SCH00203,AC034,CMP0203,Preventive Maintenance,2027-04-08,3452.0,3264.0,5.0,Low,PART029,MA001,Planned
SCH00204,AC034,CMP0204,Inspection,2027-04-15,3628.0,3364.0,2.1,Low,PART037,MA006,Planned
SCH00205,AC035,CMP0205,Component Replacement,2027-03-10,2305.0,1769.0,5.7,Low,PART005,MA004,Planned
SCH00206,AC035,CMP0206,Preventive Maintenance,2027-05-16,2149.0,1651.0,4.9,Low,PART011,MA001,Planned
SCH00207,AC035,CMP0207,Preventive Maintenance,2027-07-24,2067.0,1857.0,5.9,Low,PART019,MA001,Planned
SCH00208,AC035,CMP0208,Preventive Maintenance,2027-07-20,2044.0,1604.0,6.6,Low,PART027,MA004,Planned
SCH00209,AC035,CMP0209,Component Replacement,2027-03-15,2153.0,1643.0,6.0,Low,PART029,MA001,Awaiting Part
SCH00210,AC035,CMP0210,Functional Check,2026-12-23,2121.0,1714.0,2.0,Low,PART040,MA001,Planned
SCH00211,AC036,CMP0211,Inspection,2027-08-29,2289.0,2425.0,2.9,Low,PART004,MA004,Overdue
SCH00212,AC036,CMP0212,Lubrication,2027-06-15,2996.0,2716.0,1.1,Low,PART010,MA005,Planned
SCH00213,AC036,CMP0213,Preventive Maintenance,2026-12-27,2698.0,2708.0,7.0,Low,PART018,MA004,Planned
SCH00214,AC036,CMP0214,Functional Check,2027-07-17,3143.0,2886.0,3.5,Low,PART022,MA002,Awaiting Part
SCH00215,AC036,CMP0215,Component Replacement,2027-06-26,2849.0,2694.0,8.7,Low,PART031,MA005,Planned
SCH00216,AC036,CMP0216,Functional Check,2027-03-28,2816.0,2797.0,3.0,Low,PART035,MA002,Planned
SCH00217,AC037,CMP0217,Functional Check,2027-04-11,2629.0,2784.0,1.5,Low,PART004,MA002,Overdue
SCH00218,AC037,CMP0218,Preventive Maintenance,2027-03-05,3356.0,3102.0,3.5,Low,PART014,MA005,Planned
SCH00219,AC037,CMP0219,Preventive Maintenance,2026-11-28,3022.0,3090.0,4.9,Low,PART015,MA004,Planned
SCH00220,AC037,CMP0220,Lubrication,2027-02-20,3433.0,3294.0,1.3,Medium,PART023,MA006,Awaiting Part
SCH00221,AC037,CMP0221,Functional Check,2027-06-03,3447.0,3238.0,2.3,Medium,PART033,MA004,Planned
SCH00222,AC037,CMP0222,Inspection,2026-10-18,3247.0,3255.0,2.3,Low,PART040,MA004,Planned
SCH00223,AC038,CMP0223,Preventive Maintenance,2027-02-20,2701.0,2149.0,4.3,Low,PART005,MA001,Planned
SCH00224,AC038,CMP0224,Inspection,2027-03-05,2671.0,2118.0,1.5,Low,PART013,MA003,Planned
SCH00225,AC038,CMP0225,Inspection,2027-03-31,2460.0,1975.0,2.5,Low,PART017,MA002,Planned
SCH00226,AC038,CMP0226,Functional Check,2027-07-17,2661.0,2160.0,2.8,Medium,PART025,MA002,Planned
SCH00227,AC038,CMP0227,Inspection,2027-02-23,2507.0,2057.0,1.9,Low,PART032,MA006,Planned
SCH00228,AC038,CMP0228,Functional Check,2027-02-23,2889.0,2242.0,3.0,Low,PART037,MA003,Awaiting Part
SCH00229,AC039,CMP0229,Preventive Maintenance,2027-05-16,7071.0,6914.0,5.0,High,PART003,MA006,Planned
SCH00230,AC039,CMP0230,Lubrication,2027-03-15,7171.0,7104.0,2.8,High,PART008,MA004,Planned
SCH00231,AC039,CMP0231,Component Replacement,2027-01-26,6396.0,6628.0,6.6,High,PART020,MA005,Planned
SCH00232,AC039,CMP0232,Functional Check,2027-03-15,7000.0,6833.0,4.5,High,PART023,MA004,Planned
SCH00233,AC039,CMP0233,Functional Check,2027-01-01,6583.0,6655.0,2.2,High,PART029,MA004,Planned
SCH00234,AC039,CMP0234,Inspection,2027-01-12,7008.0,7036.0,3.1,High,PART039,MA003,Planned
SCH00235,AC040,CMP0235,Preventive Maintenance,2027-03-24,6693.0,7646.0,4.3,High,PART007,MA002,Awaiting Part
SCH00236,AC040,CMP0236,Functional Check,2027-03-09,6921.0,7864.0,3.0,High,PART009,MA005,Planned
SCH00237,AC040,CMP0237,Functional Check,2027-07-15,6913.0,7816.0,3.8,High,PART018,MA002,Awaiting Part
SCH00238,AC040,CMP0238,Functional Check,2027-02-26,6603.0,7718.0,4.2,High,PART023,MA001,Awaiting Part
SCH00239,AC040,CMP0239,Functional Check,2027-04-09,6712.0,7779.0,1.9,High,PART032,MA004,Planned
SCH00240,AC040,CMP0240,Inspection,2027-04-20,7182.0,8110.0,3.4,High,PART036,MA002,Planned
SCH00241,AC041,CMP0241,Preventive Maintenance,2026-10-30,2801.0,2546.0,5.2,Low,PART004,MA006,Planned
SCH00242,AC041,CMP0242,Component Replacement,2027-04-27,2627.0,2483.0,5.0,Low,PART008,MA006,Planned
SCH00243,AC041,CMP0243,Preventive Maintenance,2027-01-13,2194.0,2237.0,3.7,Low,PART021,MA006,Overdue
SCH00244,AC041,CMP0244,Functional Check,2027-08-09,2860.0,2571.0,1.7,Medium,PART026,MA003,Planned
SCH00245,AC041,CMP0245,Lubrication,2027-01-04,2855.0,2689.0,1.4,Low,PART028,MA001,Planned
SCH00246,AC041,CMP0246,Component Replacement,2027-03-08,2772.0,2502.0,5.7,Low,PART035,MA006,Awaiting Part
SCH00247,AC042,CMP0247,Functional Check,2026-12-12,3716.0,3328.0,3.1,Low,PART001,MA003,Awaiting Part
SCH00248,AC042,CMP0248,Inspection,2027-09-16,3537.0,3269.0,2.1,Low,PART010,MA006,Planned
SCH00249,AC042,CMP0249,Functional Check,2027-03-25,3639.0,3314.0,1.9,Low,PART021,MA006,Awaiting Part
SCH00250,AC042,CMP0250,Preventive Maintenance,2027-04-12,3746.0,3534.0,5.0,High,PART027,MA006,Planned
SCH00251,AC042,CMP0251,Preventive Maintenance,2026-12-04,3686.0,3226.0,4.2,Medium,PART034,MA002,Planned
SCH00252,AC042,CMP0252,Functional Check,2027-05-19,3508.0,3154.0,2.0,Low,PART037,MA003,Planned
SCH00253,AC043,CMP0253,Preventive Maintenance,2027-01-22,4625.0,4394.0,3.0,Low,PART006,MA006,Planned
SCH00254,AC043,CMP0254,Preventive Maintenance,2027-07-07,4848.0,4597.0,6.2,High,PART014,MA002,Planned
SCH00255,AC043,CMP0255,Lubrication,2027-01-20,5083.0,4729.0,1.7,Medium,PART015,MA002,Planned
SCH00256,AC043,CMP0256,Component Replacement,2027-01-16,4973.0,4628.0,8.0,High,PART026,MA004,Planned
SCH00257,AC043,CMP0257,Inspection,2026-11-17,4786.0,4459.0,2.6,High,PART033,MA006,Awaiting Part
SCH00258,AC043,CMP0258,Lubrication,2027-03-19,5431.0,4985.0,2.2,High,PART038,MA005,Planned
SCH00259,AC044,CMP0259,Preventive Maintenance,2027-04-06,4749.0,4675.0,3.2,Low,PART004,MA004,Planned
SCH00260,AC044,CMP0260,Preventive Maintenance,2026-12-03,4987.0,4998.0,3.5,Medium,PART009,MA001,Planned
SCH00261,AC044,CMP0261,Functional Check,2027-05-26,4922.0,5178.0,3.3,High,PART020,MA004,Planned
SCH00262,AC044,CMP0262,Preventive Maintenance,2027-03-15,4473.0,4605.0,5.3,High,PART026,MA006,Planned
SCH00263,AC044,CMP0263,Functional Check,2027-03-29,5074.0,4988.0,2.5,High,PART030,MA001,Planned
SCH00264,AC044,CMP0264,Functional Check,2027-03-13,4901.0,4789.0,2.3,High,PART035,MA004,Planned
SCH00265,AC045,CMP0265,Component Replacement,2027-03-06,3655.0,2799.0,5.5,Low,PART002,MA006,Awaiting Part
SCH00266,AC045,CMP0266,Functional Check,2027-04-05,3780.0,2916.0,3.2,Low,PART011,MA005,Planned
SCH00267,AC045,CMP0267,Inspection,2027-01-06,3832.0,2901.0,1.6,Low,PART017,MA005,Planned
SCH00268,AC045,CMP0268,Functional Check,2027-01-14,2972.0,2531.0,2.6,Medium,PART024,MA005,Overdue
SCH00269,AC045,CMP0269,Lubrication,2027-06-23,3720.0,3112.0,1.6,Medium,PART028,MA003,Awaiting Part
SCH00270,AC045,CMP0270,Inspection,2027-07-31,3941.0,3088.0,1.9,Low,PART040,MA002,Planned
SCH00271,AC046,CMP0271,Lubrication,2027-02-28,4409.0,4292.0,1.6,Low,PART004,MA005,Awaiting Part
SCH00272,AC046,CMP0272,Functional Check,2027-02-06,4442.0,4272.0,1.8,Medium,PART012,MA005,Planned
SCH00273,AC046,CMP0273,Inspection,2027-04-23,4510.0,4315.0,1.7,Medium,PART017,MA006,Planned
SCH00274,AC046,CMP0274,Preventive Maintenance,2027-03-07,4579.0,4443.0,7.0,High,PART022,MA006,Planned
SCH00275,AC046,CMP0275,Preventive Maintenance,2026-11-10,4494.0,4316.0,7.7,High,PART032,MA004,Planned
SCH00276,AC046,CMP0276,Preventive Maintenance,2027-01-06,3937.0,4009.0,5.6,Low,PART040,MA004,Overdue
SCH00277,AC047,CMP0277,Functional Check,2027-05-10,2692.0,2322.0,3.3,Low,PART004,MA005,Planned
SCH00278,AC047,CMP0278,Inspection,2027-04-26,2733.0,2332.0,1.3,Low,PART013,MA004,Planned
SCH00279,AC047,CMP0279,Functional Check,2026-11-11,2479.0,2198.0,2.0,Low,PART017,MA005,Awaiting Part
SCH00280,AC047,CMP0280,Functional Check,2027-01-25,2655.0,2238.0,2.3,Low,PART026,MA005,Planned
SCH00281,AC047,CMP0281,Preventive Maintenance,2027-01-27,2969.0,2461.0,8.2,Low,PART032,MA006,Planned
SCH00282,AC047,CMP0282,Preventive Maintenance,2027-04-29,2726.0,2359.0,4.2,Low,PART039,MA003,Planned
SCH00283,AC048,CMP0283,Inspection,2026-11-05,2326.0,2269.0,2.4,Low,PART003,MA003,Awaiting Part
SCH00284,AC048,CMP0284,Inspection,2026-12-20,2320.0,2343.0,2.2,Low,PART010,MA001,Planned
SCH00285,AC048,CMP0285,Preventive Maintenance,2027-06-02,2327.0,2353.0,4.9,Low,PART020,MA004,Awaiting Part
SCH00286,AC048,CMP0286,Inspection,2027-01-13,2425.0,2273.0,2.0,Low,PART023,MA001,Planned
SCH00287,AC048,CMP0287,Functional Check,2027-04-25,2730.0,2472.0,1.9,Low,PART033,MA003,Planned
SCH00288,AC048,CMP0288,Lubrication,2027-01-29,2246.0,2331.0,0.8,Low,PART038,MA004,Awaiting Part
SCH00289,AC049,CMP0289,Inspection,2026-12-18,2606.0,2328.0,2.8,Low,PART001,MA002,Planned
SCH00290,AC049,CMP0290,Preventive Maintenance,2027-01-30,2319.0,2099.0,3.9,Low,PART012,MA004,Planned
SCH00291,AC049,CMP0291,Functional Check,2027-05-12,2331.0,2153.0,1.6,Low,PART016,MA001,Planned
SCH00292,AC049,CMP0292,Inspection,2027-06-21,2381.0,2228.0,2.2,Low,PART022,MA001,Awaiting Part
SCH00293,AC049,CMP0293,Lubrication,2027-06-12,2606.0,2361.0,1.7,Low,PART029,MA005,Planned
SCH00294,AC049,CMP0294,Inspection,2027-03-05,2457.0,2210.0,2.4,Low,PART040,MA003,Planned
SCH00295,AC050,CMP0295,Component Replacement,2027-04-29,4093.0,4351.0,7.9,Low,PART003,MA001,Planned
SCH00296,AC050,CMP0296,Preventive Maintenance,2027-01-20,4047.0,4330.0,3.6,Low,PART012,MA004,Planned
SCH00297,AC050,CMP0297,Preventive Maintenance,2027-02-11,4245.0,4506.0,3.6,Medium,PART020,MA005,Planned
SCH00298,AC050,CMP0298,Preventive Maintenance,2027-07-06,4172.0,4439.0,4.6,High,PART022,MA002,Planned
SCH00299,AC050,CMP0299,Preventive Maintenance,2026-10-29,3840.0,4265.0,6.0,High,PART034,MA004,Planned
SCH00300,AC050,CMP0300,Functional Check,2026-12-12,3531.0,4071.0,1.5,Low,PART035,MA001,Overdue
SCH00301,AC051,CMP0301,Inspection,2027-01-21,1460.0,1247.0,2.1,Low,PART001,MA001,Planned
SCH00302,AC051,CMP0302,Inspection,2026-11-10,1154.0,1048.0,2.5,Low,PART008,MA004,Overdue
SCH00303,AC051,CMP0303,Inspection,2027-01-14,1548.0,1303.0,2.5,Low,PART015,MA004,Planned
SCH00304,AC051,CMP0304,Lubrication,2027-04-10,1946.0,1574.0,1.8,Low,PART023,MA004,Planned
SCH00305,AC051,CMP0305,Functional Check,2027-03-09,1998.0,1440.0,3.3,Low,PART033,MA005,Planned
SCH00306,AC051,CMP0306,Inspection,2027-07-05,1903.0,1330.0,1.0,Low,PART039,MA006,Planned
SCH00307,AC052,CMP0307,Functional Check,2027-06-08,3782.0,3783.0,3.7,Low,PART003,MA004,Planned
SCH00308,AC052,CMP0308,Functional Check,2027-02-22,3612.0,3548.0,2.7,Low,PART014,MA002,Awaiting Part
SCH00309,AC052,CMP0309,Inspection,2027-02-03,3504.0,3397.0,2.8,Low,PART017,MA005,Planned
SCH00310,AC052,CMP0310,Inspection,2027-03-01,4151.0,3741.0,2.3,High,PART027,MA002,Planned
SCH00311,AC052,CMP0311,Preventive Maintenance,2027-04-11,3701.0,3644.0,2.9,Medium,PART033,MA003,Awaiting Part
SCH00312,AC052,CMP0312,Inspection,2027-02-05,3752.0,3586.0,3.1,Low,PART037,MA001,Planned
SCH00313,AC053,CMP0313,Functional Check,2027-04-19,3666.0,3324.0,2.0,Low,PART007,MA001,Planned
SCH00314,AC053,CMP0314,Preventive Maintenance,2027-03-07,3389.0,3331.0,4.2,Low,PART010,MA006,Planned
SCH00315,AC053,CMP0315,Preventive Maintenance,2027-04-03,3507.0,3209.0,5.1,Low,PART016,MA006,Planned
SCH00316,AC053,CMP0316,Functional Check,2027-03-12,3546.0,3244.0,3.0,Medium,PART025,MA005,Planned
SCH00317,AC053,CMP0317,Preventive Maintenance,2027-02-11,3342.0,3208.0,5.9,Low,PART034,MA003,Planned
SCH00318,AC053,CMP0318,Functional Check,2027-08-01,3272.0,3177.0,2.6,Low,PART039,MA002,Planned
SCH00319,AC054,CMP0319,Lubrication,2027-05-23,5134.0,4551.0,1.2,Low,PART001,MA001,Planned
SCH00320,AC054,CMP0320,Preventive Maintenance,2027-01-01,5368.0,4743.0,5.9,High,PART011,MA002,Awaiting Part
SCH00321,AC054,CMP0321,Preventive Maintenance,2027-06-25,5007.0,4456.0,5.9,High,PART020,MA004,Planned
SCH00322,AC054,CMP0322,Inspection,2027-03-22,5067.0,4510.0,2.0,High,PART024,MA005,Planned
SCH00323,AC054,CMP0323,Component Replacement,2027-07-06,4865.0,4356.0,9.6,High,PART031,MA004,Awaiting Part
SCH00324,AC054,CMP0324,Preventive Maintenance,2027-06-02,5414.0,4675.0,3.5,High,PART039,MA002,Planned
SCH00325,AC055,CMP0325,Functional Check,2027-03-10,3212.0,3098.0,3.2,Low,PART006,MA006,Awaiting Part
SCH00326,AC055,CMP0326,Component Replacement,2026-11-07,2843.0,2890.0,5.1,Low,PART008,MA005,Overdue
SCH00327,AC055,CMP0327,Preventive Maintenance,2027-02-05,3498.0,3317.0,5.4,Low,PART015,MA004,Planned
SCH00328,AC055,CMP0328,Functional Check,2027-04-01,3166.0,3091.0,2.8,Medium,PART026,MA004,Awaiting Part
SCH00329,AC055,CMP0329,Preventive Maintenance,2027-04-21,3662.0,3196.0,4.5,Low,PART032,MA003,Planned
SCH00330,AC055,CMP0330,Inspection,2027-02-03,3609.0,3243.0,2.2,Low,PART037,MA002,Planned
SCH00331,AC056,CMP0331,Component Replacement,2027-01-01,5635.0,5949.0,5.9,Medium,PART007,MA003,Planned
SCH00332,AC056,CMP0332,Preventive Maintenance,2027-06-14,6064.0,6177.0,5.9,High,PART008,MA005,Planned
SCH00333,AC056,CMP0333,Functional Check,2027-08-29,5672.0,5978.0,4.6,High,PART020,MA001,Planned
SCH00334,AC056,CMP0334,Lubrication,2027-03-29,5406.0,5928.0,2.2,High,PART025,MA001,Planned
SCH00335,AC056,CMP0335,Inspection,2027-01-11,5653.0,5920.0,2.0,High,PART033,MA001,Planned
SCH00336,AC056,CMP0336,Preventive Maintenance,2027-02-06,5050.0,5620.0,4.9,High,PART036,MA001,Overdue
SCH00337,AC057,CMP0337,Inspection,2026-11-04,4032.0,3806.0,1.8,Low,PART002,MA006,Awaiting Part
SCH00338,AC057,CMP0338,Inspection,2027-07-14,4239.0,3869.0,1.8,Low,PART012,MA005,Awaiting Part
SCH00339,AC057,CMP0339,Lubrication,2026-12-25,4026.0,3889.0,1.2,Medium,PART017,MA003,Planned
SCH00340,AC057,CMP0340,Inspection,2027-04-08,4115.0,3773.0,3.5,High,PART023,MA001,Planned
SCH00341,AC057,CMP0341,Component Replacement,2027-02-07,4198.0,3862.0,4.9,High,PART028,MA003,Planned
SCH00342,AC057,CMP0342,Preventive Maintenance,2027-04-04,3662.0,3768.0,5.0,Low,PART040,MA003,Planned
SCH00343,AC058,CMP0343,Preventive Maintenance,2027-04-25,3751.0,2915.0,5.3,Low,PART006,MA002,Planned
SCH00344,AC058,CMP0344,Preventive Maintenance,2027-06-12,3458.0,2801.0,4.9,Low,PART012,MA003,Planned
SCH00345,AC058,CMP0345,Inspection,2027-01-21,3542.0,2896.0,2.3,Low,PART021,MA003,Awaiting Part
SCH00346,AC058,CMP0346,Preventive Maintenance,2026-10-27,3579.0,2876.0,5.7,Medium,PART025,MA004,Planned
SCH00347,AC058,CMP0347,Preventive Maintenance,2026-12-31,2956.0,2508.0,4.6,Low,PART032,MA004,Overdue
SCH00348,AC058,CMP0348,Lubrication,2027-07-08,3808.0,2969.0,1.4,Low,PART038,MA001,Awaiting Part
SCH00349,AC059,CMP0349,Preventive Maintenance,2027-06-27,6357.0,5876.0,5.1,Medium,PART007,MA003,Planned
SCH00350,AC059,CMP0350,Inspection,2027-04-13,5846.0,5835.0,2.6,High,PART012,MA004,Planned
SCH00351,AC059,CMP0351,Preventive Maintenance,2027-04-13,6335.0,5949.0,6.4,High,PART019,MA004,Planned
SCH00352,AC059,CMP0352,Preventive Maintenance,2027-04-28,5763.0,5557.0,4.1,High,PART026,MA006,Awaiting Part
SCH00353,AC059,CMP0353,Inspection,2027-01-12,6044.0,5691.0,3.0,High,PART034,MA004,Planned
SCH00354,AC059,CMP0354,Functional Check,2027-07-14,5745.0,5541.0,3.0,High,PART038,MA001,Planned
SCH00355,AC060,CMP0355,Inspection,2027-03-09,4866.0,4268.0,2.3,Low,PART004,MA001,Awaiting Part
SCH00356,AC060,CMP0356,Inspection,2027-03-02,4733.0,4059.0,2.4,Medium,PART012,MA004,Planned
SCH00357,AC060,CMP0357,Preventive Maintenance,2027-03-28,4505.0,3971.0,4.2,Medium,PART016,MA001,Planned
SCH00358,AC060,CMP0358,Preventive Maintenance,2026-11-24,4498.0,3956.0,4.3,High,PART024,MA004,Planned
SCH00359,AC060,CMP0359,Component Replacement,2027-01-09,4515.0,4016.0,7.7,High,PART034,MA006,Planned
SCH00360,AC060,CMP0360,Functional Check,2027-05-16,3995.0,3687.0,2.4,Low,PART037,MA004,Overdue
SCH00361,AC061,CMP0361,Functional Check,2026-12-11,3630.0,3285.0,3.6,Low,PART003,MA003,Planned
SCH00362,AC061,CMP0362,Preventive Maintenance,2027-04-14,3861.0,3457.0,7.0,Low,PART011,MA004,Planned
SCH00363,AC061,CMP0363,Preventive Maintenance,2027-01-31,3976.0,3566.0,5.8,Medium,PART018,MA003,Planned
SCH00364,AC061,CMP0364,Inspection,2027-03-03,3662.0,3488.0,2.7,High,PART023,MA004,Planned
SCH00365,AC061,CMP0365,Functional Check,2027-02-10,3662.0,3280.0,3.9,Medium,PART030,MA006,Planned
SCH00366,AC061,CMP0366,Preventive Maintenance,2027-02-25,4141.0,3680.0,4.8,Medium,PART037,MA003,Awaiting Part
SCH00367,AC062,CMP0367,Preventive Maintenance,2027-05-11,4813.0,4389.0,4.0,Low,PART005,MA006,Planned
SCH00368,AC062,CMP0368,Lubrication,2027-02-12,4513.0,4259.0,1.3,Low,PART011,MA006,Planned
SCH00369,AC062,CMP0369,Functional Check,2027-04-06,4434.0,4205.0,2.1,Medium,PART017,MA002,Awaiting Part
SCH00370,AC062,CMP0370,Preventive Maintenance,2027-03-20,4623.0,4446.0,5.5,High,PART027,MA001,Awaiting Part
SCH00371,AC062,CMP0371,Inspection,2027-04-28,4731.0,4460.0,2.7,High,PART029,MA001,Planned
SCH00372,AC062,CMP0372,Component Replacement,2027-07-25,4859.0,4537.0,4.2,Medium,PART040,MA001,Awaiting Part
SCH00373,AC063,CMP0373,Inspection,2027-05-15,2727.0,2209.0,1.8,Low,PART006,MA001,Planned
SCH00374,AC063,CMP0374,Component Replacement,2027-01-23,2464.0,2179.0,6.3,Low,PART014,MA005,Planned
SCH00375,AC063,CMP0375,Preventive Maintenance,2026-11-14,2607.0,1887.0,5.3,Low,PART021,MA001,Planned
SCH00376,AC063,CMP0376,Component Replacement,2027-02-04,2817.0,2047.0,6.0,Medium,PART023,MA002,Planned
SCH00377,AC063,CMP0377,Component Replacement,2027-04-12,2511.0,1911.0,6.4,Low,PART033,MA006,Planned
SCH00378,AC063,CMP0378,Preventive Maintenance,2026-11-26,1879.0,1608.0,3.3,Low,PART037,MA001,Overdue
SCH00379,AC064,CMP0379,Functional Check,2027-03-23,4246.0,3334.0,2.0,Low,PART004,MA005,Planned
SCH00380,AC064,CMP0380,Inspection,2027-04-13,4140.0,3336.0,2.0,Low,PART009,MA002,Planned
SCH00381,AC064,CMP0381,Inspection,2027-02-20,4130.0,3276.0,2.3,Low,PART019,MA001,Awaiting Part
SCH00382,AC064,CMP0382,Preventive Maintenance,2027-05-25,4088.0,3351.0,5.3,High,PART027,MA005,Planned
SCH00383,AC064,CMP0383,Lubrication,2026-12-20,3990.0,3277.0,2.1,High,PART029,MA004,Planned
SCH00384,AC064,CMP0384,Inspection,2026-12-08,4321.0,3504.0,1.9,Medium,PART035,MA006,Planned
SCH00385,AC065,CMP0385,Preventive Maintenance,2027-05-13,3357.0,3189.0,6.6,Low,PART001,MA005,Planned
SCH00386,AC065,CMP0386,Component Replacement,2027-03-23,3313.0,3171.0,6.9,Low,PART014,MA005,Planned
SCH00387,AC065,CMP0387,Functional Check,2027-05-03,3222.0,3040.0,2.4,Low,PART018,MA002,Planned
SCH00388,AC065,CMP0388,Inspection,2027-03-12,3127.0,3179.0,1.5,Medium,PART024,MA002,Planned
SCH00389,AC065,CMP0389,Preventive Maintenance,2027-01-31,3116.0,3022.0,3.8,Low,PART031,MA005,Planned
SCH00390,AC065,CMP0390,Inspection,2027-06-08,3467.0,3045.0,2.0,Low,PART038,MA005,Planned
SCH00391,AC066,CMP0391,Inspection,2027-06-02,3673.0,3122.0,2.1,Low,PART004,MA006,Planned
SCH00392,AC066,CMP0392,Component Replacement,2027-05-05,4004.0,3197.0,6.9,Low,PART011,MA003,Planned
SCH00393,AC066,CMP0393,Component Replacement,2027-02-06,3662.0,3208.0,6.6,Low,PART019,MA003,Planned
SCH00394,AC066,CMP0394,Inspection,2027-04-11,3770.0,3244.0,2.1,High,PART026,MA005,Awaiting Part
SCH00395,AC066,CMP0395,Inspection,2027-02-26,3225.0,2940.0,1.8,Medium,PART034,MA003,Planned
SCH00396,AC066,CMP0396,Preventive Maintenance,2026-12-15,3545.0,3319.0,7.5,Low,PART036,MA006,Planned
SCH00397,AC067,CMP0397,Preventive Maintenance,2027-07-16,6538.0,5083.0,4.2,High,PART001,MA006,Planned
SCH00398,AC067,CMP0398,Inspection,2026-12-31,6241.0,4911.0,1.8,High,PART011,MA003,Planned
SCH00399,AC067,CMP0399,Inspection,2027-08-02,6917.0,5111.0,2.0,High,PART021,MA005,Planned
SCH00400,AC067,CMP0400,Preventive Maintenance,2027-03-14,6192.0,4783.0,4.6,High,PART023,MA005,Planned
SCH00401,AC067,CMP0401,Inspection,2027-01-15,6063.0,4765.0,3.0,High,PART028,MA001,Awaiting Part
SCH00402,AC067,CMP0402,Functional Check,2027-04-01,6229.0,4866.0,3.0,High,PART040,MA006,Planned
SCH00403,AC068,CMP0403,Functional Check,2027-06-27,2932.0,2460.0,3.6,Low,PART003,MA004,Planned
SCH00404,AC068,CMP0404,Preventive Maintenance,2027-05-14,2600.0,2442.0,4.5,Low,PART012,MA005,Planned
SCH00405,AC068,CMP0405,Preventive Maintenance,2027-06-04,2789.0,2561.0,5.9,Low,PART020,MA002,Planned
SCH00406,AC068,CMP0406,Functional Check,2027-04-26,2519.0,2396.0,2.1,Low,PART022,MA006,Planned
SCH00407,AC068,CMP0407,Inspection,2027-05-04,2499.0,2357.0,1.7,Low,PART033,MA003,Planned
SCH00408,AC068,CMP0408,Functional Check,2027-06-18,2592.0,2412.0,2.6,Low,PART037,MA001,Planned
SCH00409,AC069,CMP0409,Inspection,2027-02-01,3253.0,2891.0,2.3,Low,PART007,MA006,Planned
SCH00410,AC069,CMP0410,Component Replacement,2027-03-22,2985.0,2769.0,5.7,Low,PART008,MA001,Planned
SCH00411,AC069,CMP0411,Inspection,2027-01-25,3662.0,2631.0,2.2,Low,PART020,MA002,Planned
SCH00412,AC069,CMP0412,Functional Check,2027-09-01,3127.0,2954.0,2.9,Medium,PART026,MA006,Awaiting Part
SCH00413,AC069,CMP0413,Inspection,2027-07-29,2344.0,2410.0,1.4,Low,PART032,MA006,Overdue
SCH00414,AC069,CMP0414,Functional Check,2026-11-19,2895.0,2684.0,2.3,Low,PART036,MA004,Planned
SCH00415,AC070,CMP0415,Preventive Maintenance,2027-05-08,2707.0,2307.0,4.0,Low,PART006,MA004,Awaiting Part
SCH00416,AC070,CMP0416,Inspection,2027-07-19,2003.0,1880.0,1.8,Low,PART011,MA003,Overdue
SCH00417,AC070,CMP0417,Functional Check,2027-01-14,2715.0,2239.0,2.8,Low,PART020,MA002,Planned
SCH00418,AC070,CMP0418,Inspection,2027-04-07,2498.0,2203.0,1.8,Low,PART022,MA002,Planned
SCH00419,AC070,CMP0419,Preventive Maintenance,2027-07-15,2673.0,2336.0,2.7,Low,PART028,MA005,Planned
SCH00420,AC070,CMP0420,Preventive Maintenance,2026-11-16,2575.0,2296.0,4.2,Low,PART040,MA005,Planned
SCH00421,AC071,CMP0421,Functional Check,2027-05-06,4838.0,4231.0,1.9,Low,PART007,MA005,Awaiting Part
SCH00422,AC071,CMP0422,Functional Check,2027-02-12,5120.0,4183.0,2.8,Medium,PART010,MA005,Planned
SCH00423,AC071,CMP0423,Preventive Maintenance,2027-07-19,5506.0,4472.0,6.4,High,PART021,MA001,Planned
SCH00424,AC071,CMP0424,Functional Check,2027-08-16,4950.0,4164.0,2.5,High,PART026,MA003,Planned
SCH00425,AC071,CMP0425,Component Replacement,2027-07-30,4759.0,4054.0,5.7,High,PART034,MA001,Planned
SCH00426,AC071,CMP0426,Lubrication,2027-03-19,4899.0,4095.0,2.1,High,PART035,MA004,Planned
SCH00427,AC072,CMP0427,Preventive Maintenance,2027-06-23,3833.0,3616.0,3.2,Low,PART005,MA003,Planned
SCH00428,AC072,CMP0428,Preventive Maintenance,2027-06-17,3479.0,3540.0,5.5,Low,PART008,MA006,Planned
SCH00429,AC072,CMP0429,Inspection,2027-02-17,3699.0,3604.0,2.6,Low,PART016,MA003,Planned
SCH00430,AC072,CMP0430,Preventive Maintenance,2027-06-12,3890.0,3770.0,5.2,High,PART025,MA001,Planned
SCH00431,AC072,CMP0431,Inspection,2026-11-18,3640.0,3575.0,3.0,Low,PART028,MA001,Planned
SCH00432,AC072,CMP0432,Functional Check,2027-04-13,3733.0,3599.0,1.4,Low,PART039,MA005,Planned
SCH00433,AC073,CMP0433,Lubrication,2027-01-27,2579.0,2518.0,1.8,Low,PART002,MA004,Planned
SCH00434,AC073,CMP0434,Lubrication,2026-12-26,2920.0,2709.0,2.5,Low,PART008,MA001,Planned
SCH00435,AC073,CMP0435,Inspection,2026-12-08,2917.0,2743.0,3.1,Low,PART017,MA001,Planned
SCH00436,AC073,CMP0436,Inspection,2027-05-05,2880.0,2883.0,1.9,Low,PART025,MA005,Planned
SCH00437,AC073,CMP0437,Functional Check,2027-02-21,2620.0,2544.0,1.9,Low,PART028,MA001,Planned
SCH00438,AC073,CMP0438,Preventive Maintenance,2027-05-12,2756.0,2637.0,5.5,Low,PART036,MA005,Planned
SCH00439,AC074,CMP0439,Component Replacement,2026-12-03,2451.0,2422.0,5.8,Low,PART003,MA005,Planned
SCH00440,AC074,CMP0440,Preventive Maintenance,2027-02-16,2261.0,2364.0,5.1,Low,PART013,MA001,Planned
SCH00441,AC074,CMP0441,Inspection,2027-04-01,2177.0,2437.0,2.2,Low,PART016,MA001,Planned
SCH00442,AC074,CMP0442,Lubrication,2027-05-31,2478.0,2445.0,1.5,Low,PART023,MA006,Planned
SCH00443,AC074,CMP0443,Lubrication,2027-02-17,2419.0,2410.0,1.9,Low,PART030,MA003,Planned
SCH00444,AC074,CMP0444,Inspection,2027-04-19,2332.0,2433.0,2.6,Low,PART036,MA003,Planned
SCH00445,AC075,CMP0445,Lubrication,2027-07-02,4119.0,3336.0,1.3,Low,PART003,MA005,Awaiting Part
SCH00446,AC075,CMP0446,Inspection,2027-04-17,4003.0,3776.0,1.6,Low,PART008,MA006,Planned
SCH00447,AC075,CMP0447,Inspection,2027-01-28,4088.0,3860.0,1.1,Medium,PART017,MA006,Planned
SCH00448,AC075,CMP0448,Inspection,2026-11-09,3911.0,3884.0,2.5,High,PART024,MA005,Awaiting Part
SCH00449,AC075,CMP0449,Lubrication,2027-06-26,3860.0,3716.0,1.1,Medium,PART031,MA003,Planned
SCH00450,AC075,CMP0450,Functional Check,2026-11-06,3831.0,3676.0,2.8,Low,PART037,MA001,Planned
SCH00451,AC076,CMP0451,Inspection,2027-06-28,5239.0,5282.0,1.8,Low,PART003,MA005,Planned
SCH00452,AC076,CMP0452,Functional Check,2027-03-30,5512.0,5425.0,2.4,Medium,PART013,MA004,Planned
SCH00453,AC076,CMP0453,Functional Check,2027-07-27,5622.0,5390.0,4.0,High,PART015,MA003,Awaiting Part
SCH00454,AC076,CMP0454,Preventive Maintenance,2027-06-02,5505.0,5274.0,6.1,High,PART025,MA006,Planned
SCH00455,AC076,CMP0455,Inspection,2027-09-19,5662.0,5398.0,2.7,High,PART033,MA001,Awaiting Part
SCH00456,AC076,CMP0456,Preventive Maintenance,2027-02-24,5544.0,5396.0,7.9,High,PART039,MA003,Planned
SCH00457,AC077,CMP0457,Inspection,2027-05-24,3753.0,3592.0,2.4,Low,PART001,MA001,Planned
SCH00458,AC077,CMP0458,Component Replacement,2027-03-06,3783.0,3502.0,5.4,Low,PART008,MA003,Planned
SCH00459,AC077,CMP0459,Functional Check,2027-03-20,3878.0,3595.0,2.3,Medium,PART019,MA001,Planned
SCH00460,AC077,CMP0460,Inspection,2027-04-19,4068.0,3766.0,3.3,High,PART024,MA001,Planned
SCH00461,AC077,CMP0461,Preventive Maintenance,2027-06-27,3986.0,3522.0,5.4,High,PART033,MA001,Awaiting Part
SCH00462,AC077,CMP0462,Inspection,2027-08-28,3821.0,3632.0,1.5,Low,PART036,MA004,Planned
SCH00463,AC078,CMP0463,Inspection,2027-05-24,3173.0,2946.0,2.5,Low,PART004,MA005,Awaiting Part
SCH00464,AC078,CMP0464,Preventive Maintenance,2027-03-09,3427.0,3215.0,6.2,Low,PART009,MA004,Planned
SCH00465,AC078,CMP0465,Inspection,2027-03-09,3107.0,3019.0,2.7,Low,PART019,MA006,Planned
SCH00466,AC078,CMP0466,Inspection,2027-05-16,2973.0,3001.0,2.9,Low,PART022,MA003,Planned
SCH00467,AC078,CMP0467,Preventive Maintenance,2027-01-29,3110.0,3046.0,7.5,Low,PART034,MA002,Planned
SCH00468,AC078,CMP0468,Preventive Maintenance,2026-12-22,3254.0,2903.0,6.9,Low,PART035,MA006,Planned
SCH00469,AC079,CMP0469,Preventive Maintenance,2027-02-24,3179.0,2874.0,4.9,Low,PART004,MA002,Awaiting Part
SCH00470,AC079,CMP0470,Preventive Maintenance,2027-02-10,2862.0,2780.0,4.3,Low,PART008,MA006,Awaiting Part
SCH00471,AC079,CMP0471,Preventive Maintenance,2027-02-12,2895.0,2777.0,2.8,Low,PART015,MA001,Planned
SCH00472,AC079,CMP0472,Preventive Maintenance,2027-01-28,3266.0,3048.0,4.5,Medium,PART025,MA006,Planned
SCH00473,AC079,CMP0473,Preventive Maintenance,2026-11-21,3201.0,3044.0,5.1,Low,PART033,MA001,Planned
SCH00474,AC079,CMP0474,Component Replacement,2026-11-03,2895.0,2831.0,6.1,Low,PART040,MA006,Planned
SCH00475,AC080,CMP0475,Inspection,2027-09-02,4313.0,4381.0,1.2,Low,PART004,MA004,Planned
SCH00476,AC080,CMP0476,Preventive Maintenance,2027-03-11,4492.0,4335.0,4.2,Low,PART014,MA006,Planned
SCH00477,AC080,CMP0477,Inspection,2027-03-02,4389.0,4400.0,2.4,Medium,PART019,MA001,Planned
SCH00478,AC080,CMP0478,Preventive Maintenance,2027-05-01,3977.0,4235.0,4.0,High,PART022,MA004,Planned
SCH00479,AC080,CMP0479,Preventive Maintenance,2027-01-24,3999.0,4180.0,4.7,Medium,PART034,MA006,Awaiting Part
SCH00480,AC080,CMP0480,Functional Check,2027-08-02,4406.0,4517.0,2.8,Low,PART035,MA004,Planned
SCH00481,AC081,CMP0481,Component Replacement,2027-05-29,4978.0,4542.0,7.9,Low,PART005,MA004,Awaiting Part
SCH00482,AC081,CMP0482,Preventive Maintenance,2026-12-14,4941.0,4445.0,6.9,Medium,PART013,MA005,Planned
SCH00483,AC081,CMP0483,Inspection,2027-03-09,4851.0,4252.0,2.1,High,PART021,MA003,Planned
SCH00484,AC081,CMP0484,Functional Check,2027-06-29,5279.0,4483.0,3.1,High,PART024,MA004,Planned
SCH00485,AC081,CMP0485,Inspection,2027-07-30,4944.0,4630.0,2.3,High,PART030,MA004,Awaiting Part
SCH00486,AC081,CMP0486,Preventive Maintenance,2027-03-18,4925.0,4384.0,5.3,Medium,PART037,MA006,Planned
SCH00487,AC082,CMP0487,Functional Check,2027-04-16,3340.0,2943.0,2.9,Low,PART006,MA001,Planned
SCH00488,AC082,CMP0488,Preventive Maintenance,2027-01-10,3262.0,3034.0,6.4,Low,PART013,MA002,Planned
SCH00489,AC082,CMP0489,Preventive Maintenance,2027-09-06,3192.0,2924.0,2.5,Low,PART019,MA006,Planned
SCH00490,AC082,CMP0490,Inspection,2027-01-27,3355.0,3091.0,2.2,Medium,PART022,MA006,Planned
SCH00491,AC082,CMP0491,Inspection,2027-07-29,3457.0,3091.0,2.3,Medium,PART032,MA003,Planned
SCH00492,AC082,CMP0492,Component Replacement,2027-04-24,2798.0,2704.0,5.7,Low,PART039,MA004,Overdue
SCH00493,AC083,CMP0493,Inspection,2027-04-15,2375.0,2087.0,1.1,Low,PART006,MA002,Awaiting Part
SCH00494,AC083,CMP0494,Preventive Maintenance,2027-03-27,2436.0,2150.0,4.4,Low,PART010,MA002,Planned
SCH00495,AC083,CMP0495,Preventive Maintenance,2027-01-27,2359.0,2233.0,3.8,Low,PART016,MA003,Planned
SCH00496,AC083,CMP0496,Preventive Maintenance,2027-01-12,2725.0,2369.0,6.8,Low,PART022,MA003,Planned
SCH00497,AC083,CMP0497,Inspection,2027-01-24,2297.0,1960.0,2.2,Low,PART033,MA004,Planned
SCH00498,AC083,CMP0498,Inspection,2027-01-15,1822.0,1757.0,1.6,Low,PART037,MA001,Overdue
SCH00499,AC084,CMP0499,Preventive Maintenance,2027-05-27,4533.0,4537.0,2.7,Low,PART007,MA006,Planned
SCH00500,AC084,CMP0500,Preventive Maintenance,2027-02-23,4412.0,4458.0,5.2,Low,PART009,MA006,Planned
SCH00501,AC084,CMP0501,Functional Check,2026-11-29,4289.0,4234.0,3.0,Medium,PART016,MA005,Planned
SCH00502,AC084,CMP0502,Preventive Maintenance,2027-08-15,4179.0,4288.0,5.0,High,PART027,MA004,Planned
SCH00503,AC084,CMP0503,Component Replacement,2027-07-01,4119.0,4229.0,7.8,High,PART031,MA002,Planned
SCH00504,AC084,CMP0504,Preventive Maintenance,2027-07-21,4153.0,4397.0,4.1,Medium,PART035,MA005,Awaiting Part
SCH00505,AC085,CMP0505,Preventive Maintenance,2027-09-12,3538.0,3364.0,5.9,Low,PART002,MA005,Planned
SCH00506,AC085,CMP0506,Component Replacement,2027-01-12,3268.0,3256.0,7.7,Low,PART013,MA001,Planned
SCH00507,AC085,CMP0507,Functional Check,2027-03-05,3074.0,3172.0,1.7,Low,PART020,MA006,Planned
SCH00508,AC085,CMP0508,Preventive Maintenance,2027-05-21,3159.0,3203.0,3.8,High,PART024,MA005,Planned
SCH00509,AC085,CMP0509,Preventive Maintenance,2027-05-05,3248.0,3219.0,7.5,Low,PART034,MA006,Planned
SCH00510,AC085,CMP0510,Functional Check,2027-01-06,3487.0,3186.0,3.2,Low,PART038,MA005,Planned
SCH00511,AC086,CMP0511,Inspection,2027-06-07,4667.0,3899.0,1.5,Low,PART001,MA004,Planned
SCH00512,AC086,CMP0512,Preventive Maintenance,2027-01-25,3983.0,3613.0,3.0,Low,PART012,MA003,Planned
SCH00513,AC086,CMP0513,Preventive Maintenance,2027-01-25,4039.0,3581.0,4.7,Medium,PART021,MA006,Planned
SCH00514,AC086,CMP0514,Functional Check,2027-03-31,3998.0,3765.0,2.7,High,PART024,MA006,Planned
SCH00515,AC086,CMP0515,Preventive Maintenance,2027-04-12,4326.0,3776.0,5.1,High,PART029,MA001,Planned
SCH00516,AC086,CMP0516,Preventive Maintenance,2027-04-09,3863.0,3601.0,4.4,Low,PART036,MA001,Awaiting Part
SCH00517,AC087,CMP0517,Component Replacement,2026-12-15,1871.0,1827.0,5.9,Low,PART003,MA003,Overdue
SCH00518,AC087,CMP0518,Inspection,2027-06-29,2372.0,2152.0,2.7,Low,PART013,MA005,Awaiting Part
SCH00519,AC087,CMP0519,Functional Check,2027-02-05,2521.0,2207.0,4.0,Low,PART016,MA006,Awaiting Part
SCH00520,AC087,CMP0520,Inspection,2026-12-29,2761.0,2477.0,1.8,Low,PART025,MA001,Planned
SCH00521,AC087,CMP0521,Functional Check,2027-07-03,2515.0,2188.0,1.9,Low,PART028,MA004,Planned
SCH00522,AC087,CMP0522,Preventive Maintenance,2027-08-05,2514.0,2220.0,5.0,Low,PART038,MA003,Planned
SCH00523,AC088,CMP0523,Inspection,2027-06-23,5015.0,4845.0,3.0,Low,PART002,MA006,Planned
SCH00524,AC088,CMP0524,Preventive Maintenance,2027-06-05,4775.0,4664.0,4.9,High,PART014,MA006,Awaiting Part
SCH00525,AC088,CMP0525,Functional Check,2027-04-26,4706.0,4663.0,3.9,High,PART019,MA006,Planned
SCH00526,AC088,CMP0526,Preventive Maintenance,2027-04-03,4870.0,4933.0,4.2,High,PART022,MA003,Planned
SCH00527,AC088,CMP0527,Inspection,2026-12-13,4681.0,4616.0,2.7,High,PART028,MA003,Planned
SCH00528,AC088,CMP0528,Inspection,2027-03-07,4894.0,4777.0,1.9,High,PART037,MA002,Awaiting Part
SCH00529,AC089,CMP0529,Lubrication,2027-02-28,2564.0,2439.0,1.5,Low,PART007,MA001,Planned
SCH00530,AC089,CMP0530,Lubrication,2027-02-03,2824.0,2617.0,1.5,Low,PART010,MA006,Planned
SCH00531,AC089,CMP0531,Preventive Maintenance,2027-05-12,2959.0,2609.0,5.2,Low,PART021,MA005,Planned
SCH00532,AC089,CMP0532,Inspection,2027-03-23,3111.0,2508.0,3.1,Medium,PART026,MA006,Planned
SCH00533,AC089,CMP0533,Lubrication,2026-12-10,2850.0,2585.0,1.4,Low,PART033,MA006,Planned
SCH00534,AC089,CMP0534,Preventive Maintenance,2027-01-24,2948.0,2491.0,2.7,Low,PART035,MA004,Planned
SCH00535,AC090,CMP0535,Inspection,2027-05-02,2472.0,2520.0,1.9,Low,PART007,MA005,Planned
SCH00536,AC090,CMP0536,Preventive Maintenance,2026-12-08,2507.0,2445.0,4.8,Low,PART012,MA006,Planned
SCH00537,AC090,CMP0537,Preventive Maintenance,2027-06-19,2592.0,2565.0,4.7,Low,PART017,MA006,Planned
SCH00538,AC090,CMP0538,Component Replacement,2027-03-23,2628.0,2436.0,5.8,Medium,PART024,MA002,Awaiting Part
SCH00539,AC090,CMP0539,Lubrication,2027-03-20,2665.0,2410.0,2.2,Low,PART028,MA003,Planned
SCH00540,AC090,CMP0540,Inspection,2027-04-12,2381.0,2378.0,2.1,Low,PART038,MA001,Planned
SCH00541,AC091,CMP0541,Functional Check,2027-06-10,2649.0,1897.0,2.4,Low,PART007,MA006,Planned
SCH00542,AC091,CMP0542,Preventive Maintenance,2027-02-23,2347.0,1702.0,3.7,Low,PART009,MA004,Awaiting Part
SCH00543,AC091,CMP0543,Component Replacement,2027-05-01,2279.0,1702.0,3.9,Low,PART017,MA002,Planned
SCH00544,AC091,CMP0544,Preventive Maintenance,2027-04-06,2192.0,1842.0,4.9,Low,PART027,MA005,Planned
SCH00545,AC091,CMP0545,Component Replacement,2027-02-05,2394.0,1829.0,6.4,Low,PART033,MA004,Awaiting Part
SCH00546,AC091,CMP0546,Functional Check,2027-06-29,2369.0,1831.0,1.9,Low,PART037,MA003,Planned
SCH00547,AC092,CMP0547,Functional Check,2027-06-02,6448.0,5850.0,2.5,Medium,PART004,MA001,Planned
SCH00548,AC092,CMP0548,Inspection,2027-04-26,6529.0,5997.0,3.1,High,PART011,MA005,Planned
SCH00549,AC092,CMP0549,Functional Check,2027-06-19,6474.0,5804.0,3.0,High,PART019,MA004,Planned
SCH00550,AC092,CMP0550,Functional Check,2027-06-25,6538.0,5742.0,2.4,High,PART027,MA005,Awaiting Part
SCH00551,AC092,CMP0551,Preventive Maintenance,2027-05-08,6466.0,5800.0,5.9,High,PART032,MA004,Planned
SCH00552,AC092,CMP0552,Preventive Maintenance,2027-06-14,6406.0,5821.0,5.1,High,PART040,MA006,Awaiting Part
SCH00553,AC093,CMP0553,Lubrication,2027-05-06,2366.0,1856.0,1.3,Low,PART007,MA004,Awaiting Part
SCH00554,AC093,CMP0554,Component Replacement,2027-05-01,2259.0,1860.0,4.8,Low,PART014,MA004,Planned
SCH00555,AC093,CMP0555,Functional Check,2027-04-17,2388.0,1886.0,2.4,Low,PART016,MA006,Planned
SCH00556,AC093,CMP0556,Preventive Maintenance,2027-05-20,2341.0,2064.0,5.7,Low,PART023,MA003,Planned
SCH00557,AC093,CMP0557,Lubrication,2027-01-07,1651.0,1537.0,1.6,Low,PART034,MA001,Overdue
SCH00558,AC093,CMP0558,Inspection,2027-06-30,2174.0,1869.0,1.9,Low,PART035,MA001,Planned
SCH00559,AC094,CMP0559,Preventive Maintenance,2027-06-27,5885.0,4556.0,4.9,Medium,PART007,MA005,Planned
SCH00560,AC094,CMP0560,Functional Check,2026-11-12,5626.0,4338.0,3.5,Medium,PART012,MA004,Awaiting Part
SCH00561,AC094,CMP0561,Lubrication,2027-06-11,6124.0,4642.0,2.7,High,PART017,MA005,Planned
SCH00562,AC094,CMP0562,Functional Check,2026-12-28,5600.0,4249.0,3.3,High,PART026,MA002,Awaiting Part
SCH00563,AC094,CMP0563,Preventive Maintenance,2027-02-20,5689.0,4237.0,6.2,High,PART030,MA001,Planned
SCH00564,AC094,CMP0564,Preventive Maintenance,2027-05-17,5409.0,4229.0,4.8,High,PART038,MA001,Planned
SCH00565,AC095,CMP0565,Functional Check,2027-01-08,6729.0,5921.0,3.6,High,PART005,MA003,Planned
SCH00566,AC095,CMP0566,Inspection,2027-06-08,6642.0,5947.0,3.0,High,PART011,MA004,Planned
SCH00567,AC095,CMP0567,Component Replacement,2027-06-13,6337.0,5746.0,4.5,High,PART016,MA003,Planned
SCH00568,AC095,CMP0568,Component Replacement,2027-03-26,6623.0,6045.0,7.5,High,PART023,MA003,Planned
SCH00569,AC095,CMP0569,Functional Check,2026-10-21,7170.0,6012.0,3.5,High,PART028,MA006,Planned
SCH00570,AC095,CMP0570,Functional Check,2027-02-10,6386.0,5690.0,3.0,High,PART039,MA003,Awaiting Part
SCH00571,AC096,CMP0571,Preventive Maintenance,2027-04-17,2157.0,1822.0,5.8,Low,PART004,MA004,Planned
SCH00572,AC096,CMP0572,Preventive Maintenance,2027-08-25,1974.0,1825.0,3.8,Low,PART010,MA005,Planned
SCH00573,AC096,CMP0573,Functional Check,2027-04-20,2107.0,1861.0,1.6,Low,PART016,MA003,Planned
SCH00574,AC096,CMP0574,Preventive Maintenance,2027-02-03,2657.0,2221.0,3.8,Low,PART023,MA004,Planned
SCH00575,AC096,CMP0575,Functional Check,2027-04-21,2165.0,1772.0,1.7,Low,PART030,MA006,Planned
SCH00576,AC096,CMP0576,Inspection,2027-04-01,2065.0,1700.0,2.2,Low,PART038,MA006,Planned
SCH00577,AC097,CMP0577,Functional Check,2027-05-27,3791.0,3485.0,2.1,Low,PART004,MA001,Planned
SCH00578,AC097,CMP0578,Preventive Maintenance,2026-12-21,3548.0,3218.0,5.8,Low,PART012,MA006,Planned
SCH00579,AC097,CMP0579,Functional Check,2027-05-22,3400.0,3184.0,3.2,Low,PART019,MA003,Planned
SCH00580,AC097,CMP0580,Preventive Maintenance,2027-04-01,3819.0,3414.0,4.5,High,PART027,MA002,Awaiting Part
SCH00581,AC097,CMP0581,Lubrication,2027-08-10,3394.0,3267.0,1.2,Medium,PART033,MA003,Planned
SCH00582,AC097,CMP0582,Component Replacement,2027-02-22,4084.0,3528.0,6.9,Low,PART035,MA006,Planned
SCH00583,AC098,CMP0583,Preventive Maintenance,2027-04-20,3978.0,3526.0,5.7,Low,PART002,MA003,Planned
SCH00584,AC098,CMP0584,Inspection,2027-07-23,2871.0,3165.0,1.2,Low,PART012,MA002,Overdue
SCH00585,AC098,CMP0585,Inspection,2026-12-19,2841.0,3153.0,2.1,Low,PART018,MA004,Overdue
SCH00586,AC098,CMP0586,Preventive Maintenance,2027-07-26,3226.0,3363.0,2.6,Medium,PART024,MA002,Planned
SCH00587,AC098,CMP0587,Lubrication,2027-05-03,3823.0,3680.0,1.3,Medium,PART031,MA001,Planned
SCH00588,AC098,CMP0588,Lubrication,2026-12-04,3264.0,3370.0,2.0,Low,PART036,MA001,Planned
SCH00589,AC099,CMP0589,Inspection,2027-02-13,1660.0,1504.0,4.2,Low,PART006,MA001,Planned
SCH00590,AC099,CMP0590,Inspection,2027-05-08,1975.0,1532.0,1.9,Low,PART011,MA001,Planned
SCH00591,AC099,CMP0591,Functional Check,2026-12-04,2376.0,1795.0,1.8,Low,PART015,MA001,Planned
SCH00592,AC099,CMP0592,Lubrication,2027-04-10,1862.0,1628.0,1.3,Low,PART023,MA004,Planned
SCH00593,AC099,CMP0593,Inspection,2027-02-23,1952.0,1581.0,2.0,Low,PART033,MA002,Awaiting Part
SCH00594,AC099,CMP0594,Inspection,2027-04-18,1862.0,1484.0,1.7,Low,PART037,MA003,Planned
SCH00595,AC100,CMP0595,Inspection,2026-11-23,4110.0,3607.0,1.6,Low,PART006,MA006,Planned
SCH00596,AC100,CMP0596,Functional Check,2027-06-26,4628.0,4003.0,2.2,Low,PART014,MA003,Planned
SCH00597,AC100,CMP0597,Functional Check,2027-08-18,4143.0,3584.0,2.8,Medium,PART015,MA005,Awaiting Part
SCH00598,AC100,CMP0598,Lubrication,2027-08-15,4126.0,3506.0,2.0,High,PART023,MA002,Planned
SCH00599,AC100,CMP0599,Lubrication,2027-05-19,4252.0,3701.0,1.2,Medium,PART030,MA002,Planned
SCH00600,AC100,CMP0600,Functional Check,2026-12-29,4206.0,3530.0,2.1,Medium,PART035,MA001,Planned
